"uuid","connectionType","eventId","logType","timeStamp"
"0ebdfb8c-ae4f-495c-a0a1-05c9b510abc7","0","0","0","1643856376668"
"f83bd4d3-0da2-44f6-baea-f81f3b387137","0","1","0","1643856376900"
"bdfcb3da-9643-4bc9-ae2c-236118e6b3af","0","0","0","1643856381701"
"f9dc3ee9-55e6-4634-934c-4fd7ab6b4314","0","1","0","1643856381805"
"876e0464-e120-4982-869a-42e96e814eef","0","0","0","1643856386738"
"5c1b5f97-2d57-4701-9db3-831fd588d257","0","1","0","1643856386910"
"247a107f-da9a-4e6b-aa18-f985ce5f22b3","0","0","0","1643856391775"
"41bc8e29-ea9a-4f1d-9f54-bbfe60aa3d04","0","1","0","1643856391875"
"f70c72a2-a58f-48e7-918f-38b579f1b76a","0","0","0","1643856396811"
"c68de009-9da9-4537-a15b-565973d37ab0","0","1","0","1643856396929"
"23f118de-78e6-4116-8186-c7e180c893f4","0","0","0","1643856401843"
"e3b5e577-342a-47cf-bf08-b75c6e553ccd","0","1","0","1643856401924"
"4fe397bc-0a00-483f-93ca-941f70404973","0","0","0","1643856406880"
"b32ba8cd-d192-41fd-ba96-f5425c6eb62a","0","1","0","1643856407024"
"c7c51a9d-f88f-4c07-a2b4-9c7949283a65","0","0","0","1643856411915"
"d4f8761f-1858-4a51-8118-deed0b895ff6","0","1","0","1643856412068"
"8f1b8951-010c-4f83-872f-53fe6c5ffd79","0","0","0","1643856416949"
"709df76e-29d1-4209-8fd4-bab82e53aedf","0","1","0","1643856417055"
"344cf739-a08b-4ada-8765-1600d75ad46f","0","0","0","1643856421965"
"b6cb1dc1-1981-4486-bec8-012213c1d78b","0","1","0","1643856422208"
"5e650d29-7875-4950-a86e-975ba32824b4","0","0","0","1643856426998"
"54d50a81-bb9d-41b8-9a1f-14ef46a28c86","0","1","0","1643856427110"
"d635f2c0-1615-4024-87a4-6b7a2670fa05","0","0","0","1643856432031"
"34d96c7e-c9a8-49a0-b56f-1974c14f72c2","0","1","0","1643856432218"
"4930d45a-b3c4-4c55-bf91-a2f707efaa21","0","0","0","1643856437067"
"3a23fa2f-5d1a-4fd3-b29f-0e389d7ebde4","0","1","0","1643856437310"
"af8d2e0f-a350-4130-9e66-b603c91894a7","0","0","0","1643856442089"
"479928ce-6ec1-4fe7-b784-7494ee8d41c2","0","1","0","1643856442327"
"9fce99be-0dee-4d0c-b41d-f6e70de60951","0","0","0","1643856447118"
"1d914b04-fd59-43cd-8460-42f1299edee9","0","1","0","1643856447293"
"74a7cfe5-59aa-4b86-9628-a3ba324b7374","0","0","0","1643856452150"
"3f52903b-7d00-4ba0-8158-50854d032a91","0","1","0","1643856452303"
"daf327d0-e008-429b-af44-423ae0cd5157","0","0","0","1643856457181"
"53a22cc8-6502-4a88-abcb-829fc913ffcb","0","1","0","1643856457372"
"79edbd8a-1f9a-4262-9571-2f27f3bb7d65","0","0","0","1643856462217"
"3146dbd0-b87f-4456-9444-08244c5ebae1","0","1","0","1643856462377"
"7c999c00-581f-461a-b154-0faadbaa5636","0","0","0","1643856467250"
"1e380c88-1a8d-4e05-a918-8c45c511dba1","0","1","0","1643856467417"
"71bd8b2a-93d3-42ed-abf4-df00cc9ff5a8","0","0","0","1643856472277"
"2b4f6ee3-b601-4c4f-b508-10647c7cd848","0","1","0","1643856472370"
"67b3a7b7-e56d-41b8-9cee-c22685e60f00","0","0","0","1643856477306"
"31e4b209-5368-4488-9070-0a622666ca6f","0","1","0","1643856477490"
"079c5cc3-0b67-4e6c-abef-43a144dc089c","0","0","0","1643856482336"
"afaa92e7-c334-40e0-b4d2-82d32375e0f4","0","1","0","1643856482571"
"44f73e80-ec9b-459b-916b-4dbcb2ce0d44","0","0","0","1643856487367"
"f050deb2-bbf8-4f01-8c8e-5ae24546a353","0","1","0","1643856487536"
"9266d7b7-6027-4007-aa4c-527a11c2589d","0","0","0","1643856492396"
"eff7cd95-ea5b-47bc-ac12-8aa7e920d370","0","1","0","1643856492583"
"1fa5f35d-adf0-4c02-a266-98f9a0ee91cd","0","0","0","1643856497426"
"149fd318-8258-42b4-9911-4b08c0014fa5","0","1","0","1643856497592"
"c21a6830-c576-489c-8568-f1b136595bed","0","0","0","1643856502455"
"feebaf36-0df4-44e4-8838-5d663ffce7b6","0","1","0","1643856502596"
"e682e043-e093-46ca-886b-cbc64c8933ee","0","0","0","1643856507485"
"38677fd0-c2d4-49d3-9725-50cc5caeffed","0","1","0","1643856507635"
"e75730fd-3c93-4184-aed1-f1bffab63f2e","0","0","0","1643856512514"
"005f836a-ea72-4a22-835d-8105f48c74db","0","1","0","1643856512663"
"d7552066-5728-41c7-9167-0decb8204101","0","0","0","1643856517545"
"4a5bc318-f5c2-4bf3-a645-81f932bd585b","0","1","0","1643856517751"
"a0c48769-07f4-4678-8d70-0718e93f6dcb","0","0","0","1643856522575"
"05d74e89-8fbc-4bef-b56b-7040b8e492a8","0","1","0","1643856522711"
"0b961839-0a20-4f48-8cae-a512dc3d1ceb","0","0","0","1643856527604"
"bf194d8b-1341-4e84-8d71-7841b568cafa","0","1","0","1643856527794"
"987a4289-973b-4647-ab23-65806fbff629","0","0","0","1643856532632"
"c3f32d61-3bfa-49c3-a2fe-cadded8029f0","0","1","0","1643856532844"
"6e1a01ca-2955-49de-b2f3-0a5c2edac2e5","0","0","0","1643856537661"
"bf4c357f-658c-4a46-8f75-90378fb50029","0","1","0","1643856537830"
"e85e694b-48d9-48a8-a179-6ad3a7b18281","0","0","0","1643856542690"
"29109e68-41a6-41ae-a2e1-0027c6348e74","0","1","0","1643856542869"
"fcdb3045-08fb-4750-b2b4-b19908e794ff","0","0","0","1643856547715"
"122a41a5-4f02-49da-9e65-328fc9c7ed68","0","1","0","1643856547879"
"138e617e-1ea1-4fc1-b7ca-f5d8b45f4f80","0","0","0","1643856552739"
"7b1cc252-624f-4047-b2f2-b12ca1a6bb67","0","1","0","1643856552896"
"1a9fee2e-4598-41c8-9958-24c269cba75c","0","0","0","1643856557767"
"2c31dd0d-6663-48d1-8c9a-b7f3c559beeb","0","1","0","1643856557952"
"788a7416-2dee-4624-821d-efbbde2bee63","0","0","0","1643856562795"
"f92d2801-c314-4c1e-8b1c-af3ccd959f15","0","1","0","1643856563011"
"d894195b-46fe-4104-a41c-2b26dd8876f2","0","0","0","1643856567820"
"2600c6ea-9cf3-4025-acb3-9cd33f3a41df","0","1","0","1643856568002"
"6389ddfa-5782-41e8-8957-5c8caed9c9fd","0","0","0","1643856572847"
"41248c6d-05b8-4f42-834e-99b1653b3a9a","0","1","0","1643856572992"
"58c4eadf-c24d-4000-8ea8-13ad6796c30b","0","0","0","1643856577876"
"94f1a6f4-904c-4049-af83-02bc6e7b3052","0","1","0","1643856578048"
"2291bf6e-dfd0-4db1-8340-ad008a213bbf","0","0","0","1643856582903"
"f0b1999b-176e-409c-8a6d-f78ece32d429","0","1","0","1643856583016"
"700ee41f-6a16-4956-b331-e58d03902bb0","0","0","0","1643856587933"
"96edeb6d-6a7d-4ece-b3fa-542be386af29","0","1","0","1643856588053"
"54f9d7ee-7614-463d-bacb-d378ee5a24da","0","0","0","1643856592960"
"851e42ba-742a-409b-bb66-189576894fd8","0","1","0","1643856593058"
"0e4d928b-90a3-44a8-a2b4-d13c7e56706b","0","0","0","1643856597984"
"c87359b4-ffd3-477f-8eab-8a1ce6600862","0","1","0","1643856598186"
"cea47478-fd96-485b-8062-b1eb85ce39f3","0","0","0","1643856603009"
"1a9ab969-4aba-4c3d-9220-7216c9d69b25","0","1","0","1643856603179"
"b0b79677-f9b7-4c6f-bdd0-ab57dbf9d98f","0","0","0","1643856608034"
"9cd65350-d6f8-40f5-9b33-686c29062b62","0","1","0","1643856608127"
"a1f65156-e5d7-407a-bcfc-63aae38c1440","0","0","0","1643856613058"
"cd1f3d32-a5f7-47d8-a7b8-e897da9084c8","0","1","0","1643856613195"
"344ad4f5-f006-4409-9037-b4279c8e9f8f","0","0","0","1643856618085"
"503ef1ae-6700-4070-bfb5-48af98ac92b4","0","1","0","1643856618139"
"c7f2e2dc-b9aa-4606-a617-a5fa2a9d59b9","0","0","0","1643856623110"
"abc3b2f3-a40d-48eb-bc77-8cc18abb43fe","0","1","0","1643856623373"
"de6010ea-4370-46b5-9070-055dd6d89cce","0","0","0","1643856628136"
"e2edae25-6fdd-4420-a0c7-f083f7230ffd","0","1","0","1643856629051"
"69c69a29-a92f-4a8f-8e0a-bbdbda492fc8","0","0","0","1643856633161"
"66b80fe7-8e96-43f3-b95d-4291e718abc5","0","1","0","1643856633622"
"4d4dc827-fdf4-4a5c-abe8-63416bdfc139","0","0","0","1643856638187"
"17727ed5-24dc-4fb3-a563-d3745cf29331","0","1","0","1643856639026"
"cf4a38ff-7e23-4d96-a37c-a2a5279cdf16","0","0","0","1643856643212"
"2ad9299d-94d8-43c5-9350-54b2b5ad03cf","0","1","0","1643856643597"
"526a8456-bbe5-4f0c-be73-d8073471ee04","0","0","0","1643856648236"
"8f67e8b3-7a28-4a13-9744-7e3081267eb5","0","1","0","1643856648998"
"5f76ab76-4650-43a2-a374-b0bb7ed138b3","0","0","0","1643856653262"
"078e662d-f384-4b0e-af63-78a7a4f67612","0","1","0","1643856653493"
"aa17ad64-bb87-4950-b370-2271b767210b","0","0","0","1643856658287"
"485f2109-ef41-48fe-9029-6ecee448a522","0","1","0","1643856658584"
"a1d766c1-ce3e-4128-8aaf-0ea65b07bc18","0","0","0","1643856663316"
"113fb56f-e46c-4110-a965-f3577e30242f","0","1","0","1643856663962"
"eed7482e-f012-4ef8-a558-52c003668918","0","0","0","1643856668341"
"3db5e74d-fa8b-4a28-991d-5521ded29cde","0","1","0","1643856668446"
"31de745c-0dcd-4971-b265-65eb5c723b16","0","0","0","1643856673367"
"4a1f3b3e-860b-427a-9c3c-5674128d2edf","0","1","0","1643856673938"
"c7c35433-9bc9-4740-ae15-5943eed219f9","0","0","0","1643856678394"
"6c188a84-ef99-4162-8dbb-19e34a19d139","0","1","0","1643856679032"
"a9702527-1a00-4b41-977a-0393606d7954","0","0","0","1643856683418"
"62c6425a-bf8a-4513-9d8a-c06aab01c294","0","1","0","1643856684416"
"60bca611-0aee-4818-b66a-6355883e731a","0","0","0","1643856688444"
"bc69e84c-60b7-4b8e-abf8-725014d23020","0","1","0","1643856689010"
"6e72b65b-73df-4574-a91f-aecb1e452bf2","0","0","0","1643856693470"
"2d53fd7c-f9f7-4baa-9ea8-7004d09e2ed8","0","1","0","1643856694383"
"de983ebe-b956-48ca-9884-2732750ae5c7","0","0","0","1643856698499"
"112b35ad-1d13-433d-a439-8b57ebe3d30b","0","1","0","1643856698879"
"a1cb0e3d-1ac5-47b5-9b7c-4f787620b742","0","0","0","1643856703524"
"960d2c1f-9cfb-4aa3-a0fa-69ca7f6aaeee","0","1","0","1643856704359"
"8f9056f2-f91c-418a-8c44-bf07bb975d4f","0","0","0","1643856708554"
"0fbfd9df-d0ac-48fd-8069-14fdc21ae62f","0","1","0","1643856708853"
"9ffa3d81-d5d6-44bf-80f3-e83e4e5a4326","0","0","0","1643856713578"
"3aa1883a-d8af-4d69-9a27-7f8c504b4248","0","1","0","1643856713921"
"0677542f-c950-4093-9fc5-c4a831bf8f92","0","0","0","1643856718592"
"c6f39557-d190-4987-ad12-073e1dda55f8","0","1","0","1643856719326"
"7aa3fed9-0d8d-418b-adcd-5a62afe1ac5c","0","0","0","1643856723617"
"53ade47a-1c1c-4953-96ee-1bf8e66376eb","0","1","0","1643856723818"
"e8427cac-a16a-4bcb-9528-9f1a8bb51661","0","0","0","1643856728648"
"05243b76-66e3-44cc-822e-2487bf1e50ae","0","1","0","1643856729300"
"d7f2b27a-3bb7-4ba4-9923-2cb718b6bd98","0","0","0","1643856733682"
"bbf7145c-b94c-4e99-8731-d8ea8a3ca6c4","0","1","0","1643856733872"
"1d780e91-bb1d-40aa-9043-9a5322b84d73","0","0","0","1643856738708"
"47e1de1d-b306-491a-8ec0-603b4a3cead9","0","1","0","1643856739771"
"8fc2d29b-4032-4617-bd98-c5bcfb601c1b","0","0","0","1643856743742"
"8a75fc47-cec4-4aa9-ba9c-af985a123ff9","0","1","0","1643856743895"
"0d8832a0-999e-4beb-9ed3-898e2c5c05b0","0","0","0","1643856748767"
"4d57410e-1ef8-4f3f-9831-9722b2f90cd7","0","1","0","1643856749330"
"eb3d29a4-c7d4-412c-937b-e0dffd7f7dda","0","0","0","1643856753793"
"c7197fba-24bd-4ede-afa0-7277b26213f1","0","1","0","1643856754734"
"14f89ea6-25bf-451a-842c-28f3e5062c3e","0","0","0","1643856758825"
"b4ae1be3-8e3d-450f-932f-0ff4448b3f09","0","1","0","1643856759328"
"456697a9-b560-43e8-8607-df6b18d76c4f","0","0","0","1643856763855"
"c2880d12-920c-4515-bebf-ebc04e19ee46","0","1","0","1643856764708"
"b39db44f-bc03-43a3-9760-8a7b2997e665","0","0","0","1643856768880"
"745b9ca1-ea0b-441e-9c38-c61d5328b4a0","0","1","0","1643856769281"
"f4bb1268-63cc-49fa-881c-35ba001e49a5","0","0","0","1643856773905"
"ae60e7e3-1932-4417-8726-f671b75bd914","0","1","0","1643856774697"
"5850d52c-2b17-4311-8d0f-f37065fca225","0","0","0","1643856778929"
"965a3d97-f14b-4540-9462-6c29994397b6","0","1","0","1643856779251"
"82d99603-471e-4d0a-9569-689bed86f898","0","0","0","1643856783955"
"e02368d2-9db9-4aa1-94bc-b92959bca0ee","0","1","0","1643856784658"
"a280349b-6223-48d0-a47e-c9272ed7448e","0","0","0","1643856788979"
"1bdf4563-bf22-44b7-a960-8d3dabf759e2","0","1","0","1643856789655"
"8c7efa2b-e38c-43bc-acc1-aca4eb54d031","0","0","0","1643856794007"
"88df1866-218d-4210-acb5-2c7d8bc9f2a8","0","1","0","1643856794632"
"36516db4-efc5-4ec1-aaeb-8eaed8f09a96","0","0","0","1643856799038"
"c1a37661-d55a-40ea-8c68-9993fe485c13","0","1","0","1643856799117"
"4a54621b-c680-42ff-b94e-085ca263aec7","0","0","0","1643856804064"
"e618b856-1ff5-4f02-a743-a1f696dc0c0a","0","1","0","1643856805097"
"71063f0e-e518-4b4f-884b-9900c5feb541","0","0","0","1643856809090"
"94c9637d-e969-4b43-8681-f4b78099cc8d","0","1","0","1643856809292"
"5f7db765-01e5-41a8-a1ed-8129d9322c27","0","0","0","1643856814113"
"9f150eb1-72f2-45db-bbb4-b057406fa5af","0","1","0","1643856814275"
"4c87156d-3833-429b-9718-dfa3cdc19c5c","0","0","0","1643856819138"
"c6912657-27b8-401c-b50b-7fa1ea54116b","0","1","0","1643856819779"
"ecb71e72-3d2c-444c-a312-3bd67415dabc","0","0","0","1643856824166"
"1a3a1f50-eff8-439b-88d6-226a613d6ceb","0","1","0","1643856825059"
"0cff4223-235b-4261-9a33-16f6a96eb21a","0","0","0","1643856829192"
"f811ffac-82ec-4bad-9556-da56b2267c26","0","1","0","1643856830046"
"d8c1774a-fadf-477e-a025-7f6341fe8c76","0","0","0","1643856834216"
"3cc17882-54bf-43cd-8e50-ac7ca9428813","0","1","0","1643856834535"
"cb06e74a-44b4-4ca6-9b60-eda9e628601f","0","0","0","1643856839248"
"a03a8e21-13b3-42ab-be57-49ae82605838","0","1","0","1643856840024"
"5e3d1573-ccb4-497f-ac04-4288d8b77a26","0","0","0","1643856844282"
"968db5ca-a387-49b6-9cf8-426412298d9b","0","1","0","1643856844518"
"f6fe28ab-f866-4252-96a2-4ae793a13789","0","0","0","1643856849308"
"301ccc2f-06d0-4b85-8780-ca5e6f19d0ef","0","1","0","1643856849992"
"b96fad59-8f3d-44f7-b97f-785cab8a50da","0","0","0","1643856854335"
"1d949766-a64a-4067-9b87-7ccbff589885","0","1","0","1643856854586"
"2f144347-7268-4c72-ba36-b328bb507798","0","0","0","1643856859361"
"010136da-3010-486e-b310-69bc9853f0e2","0","1","0","1643856859969"
"93df453b-7715-48f1-ab9a-1270ef78e416","0","0","0","1643856864387"
"f64456b8-402d-464f-8cfd-0a3918435669","0","1","0","1643856864959"
"0db741ae-b2e7-4e0c-bbad-9a22cbd232a1","0","0","0","1643856869412"
"29c3d1fd-07b0-4895-9c96-3a44b3db0114","0","1","0","1643856870036"
"787c3fe3-fbbb-49ac-abd6-de149dcae158","0","0","0","1643856874439"
"916c0aea-2a71-4cd7-a906-01501276c521","0","1","0","1643856875432"
"3796464a-c866-4c55-82fc-7b7f22c37397","0","0","0","1643856879464"
"6bbfb9dc-f746-4d07-94c0-f3f74247c785","0","1","0","1643856880000"
"82d44e27-19da-43de-9f91-ac758241051d","0","0","0","1643856884489"
"5cd54849-8a39-4400-ad70-ebbbe40c3502","0","1","0","1643856885405"
"2740207c-5570-42fd-9741-bea44953363d","0","0","0","1643856889515"
"e662efc5-0e77-4347-918f-7212440e59fd","0","1","0","1643856889892"
"099a7a97-1a92-402e-92ef-c8d9969d46df","0","0","0","1643856894541"
"d45a0ccd-c500-4232-a513-ee43acb85738","0","1","0","1643856894998"
"cc2b0eb2-dec1-4207-b36a-c89583725208","0","0","0","1643856899567"
"43a68f38-7244-445e-a2d9-45d99559dbea","0","1","0","1643856900361"
"125d8bc6-f81c-4f15-9340-ff163dfa953f","0","0","0","1643856904591"
"1ea2e4c4-023e-491c-8c14-d3a903813515","0","1","0","1643856905354"
"aeecc1c1-be10-4eaf-8d7f-ac8609638407","0","0","0","1643856909620"
"5c92ec62-6cea-4afc-806c-98119a8aa804","0","1","0","1643856910348"
"c272ebb1-3e26-431f-9a19-e7596f45a585","0","0","0","1643856914645"
"31fdb226-491c-43bd-8b7b-afecfa173390","0","1","0","1643856915385"
"1be092ee-8562-4aa8-a1f2-eb1495e8d59f","0","0","0","1643856919669"
"96e53f56-4937-4415-a3de-faa04764af8d","0","1","0","1643856919852"
