"hops","uuid","connectionType","eventId","logType","timeStamp"
"10","09a7869d-7af1-4599-88cf-e665dc54cafa","0","0","2","1643948027396"
"8","d8a687b4-a82c-4aa8-9a17-50b38d641c65","0","2","2","1643948029413"
"10","5e8b0857-506d-4795-b0dd-f195a317bb56","0","0","2","1643948057421"
"8","83572029-0436-4166-a98e-ca16d54c5bc1","0","2","2","1643948058929"
"10","0863ac87-29ba-44aa-a8c8-36629897536e","0","0","2","1643948087428"
"8","23cc3484-e0a5-4581-95c6-83a1f00b0a40","0","2","2","1643948089227"
"10","25c737e9-5900-4380-b6eb-cc88522d0f6f","0","0","2","1643948117436"
"8","7549502b-ac51-452b-896a-5fd9ed0674bd","0","2","2","1643948118953"
"10","f2d18ccf-b8b1-4e7b-960c-c54e42d4ba2d","0","0","2","1643948147444"
"8","9004e09e-9bff-457b-a9f3-d5fc24febd3f","0","2","2","1643948149192"
"10","369630c6-c49e-4264-997a-aacc37d6e61b","0","0","2","1643948177451"
"8","2fe6d534-790a-4167-87c1-45a33bf0cf2e","0","2","2","1643948179363"
"10","429d8185-d8e8-4100-bfdf-7d01000cc95f","0","0","2","1643948207460"
"8","e54a591e-b7a4-4ede-90b4-1b1c3f38f612","0","2","2","1643948210478"
"10","d6f09574-b3a3-4d07-9c93-bee65d5b89d9","0","0","2","1643948237467"
"8","6c8a2738-a2ae-4df3-a272-59f222fa6120","0","2","2","1643948239939"
"10","645cd9b3-5ebe-407e-afba-61d546b93761","0","0","2","1643948267473"
"8","f465bbf7-475c-4053-bfb0-8ef76c44d530","0","2","2","1643948269426"
"10","b7a527de-bd2d-46ec-a3b8-f4ece972c926","0","0","2","1643948297480"
"8","a67f9d2d-5de8-4e10-a509-7acfa1d909ef","0","2","2","1643948299099"
"10","f393f9d7-f4ca-4e92-8a43-8e1a0f8bdcd0","0","0","2","1643948327487"
"8","7ab1b07b-4e47-442b-abea-ec114ee79a76","0","2","2","1643948329679"
"10","670014e2-9b7a-4aef-88df-2fe8bd20515b","0","0","2","1643948357497"
"8","20d867c1-7b9d-4973-ac1f-b638e3cadfcf","0","2","2","1643948360746"
"10","7e1f8434-ec2e-42bd-9602-d35e7b2627d8","0","0","2","1643948387507"
"8","aee927b2-31d9-4ff6-ba56-591534daa7ef","0","2","2","1643948390410"
"10","85abc0e7-ed25-4ea6-a2d2-931236effb8a","0","0","2","1643948417516"
"8","9cfdf6a5-dc7c-4252-9fe9-499447e43f18","0","2","2","1643948420895"
"10","ee557e4a-31ce-4b8e-bd1c-653b1bede7e3","0","0","2","1643948447525"
"8","a8cb8615-52eb-4573-8108-009b8328e4eb","0","2","2","1643948449641"
"10","ae19366d-c937-412f-9d85-3e5fd743167e","0","0","2","1643948477533"
"8","97b68110-5c03-4265-b454-39b90d028d02","0","2","2","1643948479338"
"10","cc378cd7-a2d4-469b-bbdd-e5fd9efb3ecd","0","0","2","1643948507543"
"8","25ade43b-3378-4fca-85dc-299c3f2cedfe","0","2","2","1643948510465"
"10","408f23ac-d8d3-489a-b0f3-490bc9c6aab4","0","0","2","1643948537552"
"8","bca5501c-47cd-4d92-9416-2185c06dc3bb","0","2","2","1643948539688"
"10","340ed813-d122-49ff-ab89-63743a1c16aa","0","0","2","1643948567562"
"8","7e7ab98f-e190-40c5-952f-230b86d414c3","0","2","2","1643948570640"
"10","e62700af-626a-480c-bc91-a1e6f182e203","0","0","2","1643948597572"
"8","ed4199c0-3cb2-4847-9f35-3479c980f53b","0","2","2","1643948600111"
"10","ca876662-3912-43f1-9aa7-b1b06d924295","0","0","2","1643948627583"
"8","b931063c-59d6-44e3-bc4c-7e5202e89508","0","2","2","1643948629309"
"10","d51f1f8e-ddc8-40ff-83c4-353dc01f95e4","0","0","2","1643948657592"
"8","7ac3beaa-c023-41ba-9bd3-c591d3acc5ef","0","2","2","1643948659151"
"10","d5ad4f31-eca8-4e69-9e8b-4269184f4533","0","0","2","1643948687601"
"8","caad2ae4-717c-49c6-ac77-fda4c4265762","0","2","2","1643948689368"
"10","024cebd8-80f2-452d-9d84-3edb8c6cce6a","0","0","2","1643948717609"
"8","30f73559-6486-4855-881d-2b9fbba462c7","0","2","2","1643948719662"
"10","70768501-31d4-4f89-96a7-6c4163a3196f","0","0","2","1643948747619"
"8","b2e05e15-e5b1-4621-98e2-45eefb8ea23b","0","2","2","1643948749297"
"10","ac37e200-ac8a-498d-80b1-e42f68f4658a","0","0","2","1643948777628"
"8","0084ff30-68fa-4345-8a1c-b50bae25edc6","0","2","2","1643948779482"
"10","dfeece58-791c-4ec8-8abd-3dc9046fb2f6","0","0","2","1643948807635"
"8","f7cc72f0-03f0-4656-89e5-c32ab8de2afb","0","2","2","1643948810244"
"10","3311835d-1f41-436e-ab56-dd2cc9ef9301","0","0","2","1643948837644"
"8","8b854dde-f0c7-46e6-9ca6-c1306e780522","0","2","2","1643948839908"
"10","deb5d0a0-f286-4d93-bc9e-8df938968b45","0","0","2","1643948867653"
"8","9c6df7a0-b111-43ff-a076-8fa34b23dae2","0","2","2","1643948869167"
"10","49379a97-6485-4a9e-b070-b1796d8753c4","0","0","2","1643948897658"
"8","d2b9d2d7-6d2d-45b5-a07a-ce287e06989b","0","2","2","1643948898727"
"10","7e9d1017-d981-4948-9751-c4e566883c00","0","0","2","1643948927664"
"8","4d514022-c993-4f7d-9f74-e6894777e68b","0","2","2","1643948930388"
